﻿<?xml version="1.0"?>
<doc>
<assembly>
<name>
SpyNote V6.4
</name>
</assembly>
<members>
<member name="T:SpyNote_V6._4.My.Resources.Resources">
<summary>
  A strongly-typed resource class, for looking up localized strings, etc.
</summary>
</member>
<member name="P:SpyNote_V6._4.My.Resources.Resources.ResourceManager">
<summary>
  Returns the cached ResourceManager instance used by this class.
</summary>
</member>
<member name="P:SpyNote_V6._4.My.Resources.Resources.Culture">
<summary>
  Overrides the current thread's CurrentUICulture property for all
  resource lookups using this strongly typed resource class.
</summary>
</member>
<member name="P:SpyNote_V6._4.My.Resources.Resources.aBitmap">
<summary>
  Looks up a localized resource of type System.Byte[].
</summary>
</member>
<member name="P:SpyNote_V6._4.My.Resources.Resources.ANUN">
<summary>
  Looks up a localized resource of type System.Byte[].
</summary>
</member>
<member name="P:SpyNote_V6._4.My.Resources.Resources.Circle">
<summary>
  Looks up a localized resource of type System.Drawing.Bitmap.
</summary>
</member>
</members>
</doc>
